trip_id,arrival_time,departure_time,stop_id,stop_sequence,pickup_type,drop_off_type,source_folder
t1,7:00:00,07:00:00,s1,1,0,0,Rafael Nadal Coaches
t1,7:15:00,07:15:00,s2,2,0,0,Rafael Nadal Coaches
t1,7:45:00,07:45:00,s3,3,0,0,Rafael Nadal Coaches
t2,17:00:00,17:00:00,s1,1,0,0,Rafael Nadal Coaches
t2,17:15:00,17:15:00,s2,2,0,0,Rafael Nadal Coaches
t2,17:45:00,17:45:00,s3,3,0,0,Rafael Nadal Coaches
402,5:00:00,05:00:00,puente bizkaia - las arenas,1,0,0,El Transbordador de Vizcaya (Bizkaia Bridge Ferry)
402,5:10:00,05:10:00,puente bizkaia - portugalete,2,0,0,El Transbordador de Vizcaya (Bizkaia Bridge Ferry)
403,5:00:00,05:00:00,puente bizkaia - las arenas,1,0,0,El Transbordador de Vizcaya (Bizkaia Bridge Ferry)
403,5:10:00,05:10:00,puente bizkaia - portugalete,2,0,0,El Transbordador de Vizcaya (Bizkaia Bridge Ferry)
404,4:55:00,04:55:00,puente bizkaia - las arenas,2,0,0,El Transbordador de Vizcaya (Bizkaia Bridge Ferry)
404,4:45:00,04:45:00,puente bizkaia - portugalete,1,0,0,El Transbordador de Vizcaya (Bizkaia Bridge Ferry)
405,5:00:00,05:00:00,puente bizkaia - las arenas,1,0,0,El Transbordador de Vizcaya (Bizkaia Bridge Ferry)
405,5:10:00,05:10:00,puente bizkaia - portugalete,2,0,0,El Transbordador de Vizcaya (Bizkaia Bridge Ferry)
406,4:55:00,04:55:00,puente bizkaia - las arenas,2,0,0,El Transbordador de Vizcaya (Bizkaia Bridge Ferry)
406,4:45:00,04:45:00,puente bizkaia - portugalete,1,0,0,El Transbordador de Vizcaya (Bizkaia Bridge Ferry)
407,0:00:00,00:00:00,puente bizkaia - las arenas,1,0,0,El Transbordador de Vizcaya (Bizkaia Bridge Ferry)
407,0:15:00,00:15:00,puente bizkaia - portugalete,2,0,0,El Transbordador de Vizcaya (Bizkaia Bridge Ferry)
408,0:30:00,00:30:00,puente bizkaia - las arenas,2,0,0,El Transbordador de Vizcaya (Bizkaia Bridge Ferry)
408,0:15:00,00:15:00,puente bizkaia - portugalete,1,0,0,El Transbordador de Vizcaya (Bizkaia Bridge Ferry)
524,4:55:00,04:55:00,puente bizkaia - las arenas,2,0,0,El Transbordador de Vizcaya (Bizkaia Bridge Ferry)
524,4:45:00,04:45:00,puente bizkaia - portugalete,1,0,0,El Transbordador de Vizcaya (Bizkaia Bridge Ferry)
402,5:00:00,05:00:00,puente bizkaia - las arenas,1,0,0,El Transbordador de Vizcaya
402,5:10:00,05:10:00,puente bizkaia - portugalete,2,0,0,El Transbordador de Vizcaya
403,5:00:00,05:00:00,puente bizkaia - las arenas,1,0,0,El Transbordador de Vizcaya
403,5:10:00,05:10:00,puente bizkaia - portugalete,2,0,0,El Transbordador de Vizcaya
404,4:55:00,04:55:00,puente bizkaia - las arenas,2,0,0,El Transbordador de Vizcaya
404,4:45:00,04:45:00,puente bizkaia - portugalete,1,0,0,El Transbordador de Vizcaya
405,5:00:00,05:00:00,puente bizkaia - las arenas,1,0,0,El Transbordador de Vizcaya
405,5:10:00,05:10:00,puente bizkaia - portugalete,2,0,0,El Transbordador de Vizcaya
406,4:55:00,04:55:00,puente bizkaia - las arenas,2,0,0,El Transbordador de Vizcaya
406,4:45:00,04:45:00,puente bizkaia - portugalete,1,0,0,El Transbordador de Vizcaya
407,0:00:00,00:00:00,puente bizkaia - las arenas,1,0,0,El Transbordador de Vizcaya
407,0:15:00,00:15:00,puente bizkaia - portugalete,2,0,0,El Transbordador de Vizcaya
408,0:30:00,00:30:00,puente bizkaia - las arenas,2,0,0,El Transbordador de Vizcaya
408,0:15:00,00:15:00,puente bizkaia - portugalete,1,0,0,El Transbordador de Vizcaya
524,4:55:00,04:55:00,puente bizkaia - las arenas,2,0,0,El Transbordador de Vizcaya
524,4:45:00,04:45:00,puente bizkaia - portugalete,1,0,0,El Transbordador de Vizcaya
bcncvv-0045-204500,0:45:00,00:45:00,esbcn,1,0,1,Collegamenti marittimi Grimaldi
bcncvv-0045-204500,20:45:00,20:45:00,itcvv,2,1,0,Collegamenti marittimi Grimaldi
bcncvv-2215-421500,22:15:00,22:15:00,esbcn,1,0,1,Collegamenti marittimi Grimaldi
bcncvv-2215-421500,18:15:00,18:15:00,itcvv,2,1,0,Collegamenti marittimi Grimaldi
bcncvv-2230-423000,22:30:00,22:30:00,esbcn,1,0,1,Collegamenti marittimi Grimaldi
bcncvv-2230-423000,18:30:00,18:30:00,itcvv,2,1,0,Collegamenti marittimi Grimaldi
bcncvv-2300-430000,23:00:00,23:00:00,esbcn,1,0,1,Collegamenti marittimi Grimaldi
bcncvv-2300-430000,19:00:00,19:00:00,itcvv,2,1,0,Collegamenti marittimi Grimaldi
bcncvv-2359-435900,23:59:00,23:59:00,esbcn,1,0,1,Collegamenti marittimi Grimaldi
bcncvv-2359-435900,19:59:00,19:59:00,itcvv,2,1,0,Collegamenti marittimi Grimaldi
bcnpto-2215-343000,22:15:00,22:15:00,itpto,1,0,1,Collegamenti marittimi Grimaldi
bcnpto-2215-343000,10:30:00,10:30:00,esbcn,2,1,0,Collegamenti marittimi Grimaldi
bcnpto-2230-344500,22:30:00,22:30:00,itpto,1,0,1,Collegamenti marittimi Grimaldi
bcnpto-2230-344500,10:45:00,10:45:00,esbcn,2,1,0,Collegamenti marittimi Grimaldi
bcnpto-2300-351500,23:00:00,23:00:00,itpto,1,0,1,Collegamenti marittimi Grimaldi
bcnpto-2300-351500,11:15:00,11:15:00,esbcn,2,1,0,Collegamenti marittimi Grimaldi
cagsal-2200-390000,22:00:00,22:00:00,itcag,1,0,1,Collegamenti marittimi Grimaldi
cagsal-2200-390000,15:00:00,15:00:00,itsal,2,1,0,Collegamenti marittimi Grimaldi
cvvbcn-0400-240000,4:00:00,04:00:00,itcvv,1,0,1,Collegamenti marittimi Grimaldi
cvvbcn-0400-240000,0:00:00,00:00:00,esbcn,2,1,0,Collegamenti marittimi Grimaldi
cvvbcn-2215-421500,22:15:00,22:15:00,itcvv,1,0,1,Collegamenti marittimi Grimaldi
cvvbcn-2215-421500,18:15:00,18:15:00,esbcn,2,1,0,Collegamenti marittimi Grimaldi
cvvbcn-2300-430000,23:00:00,23:00:00,itcvv,1,0,1,Collegamenti marittimi Grimaldi
cvvbcn-2300-430000,19:00:00,19:00:00,esbcn,2,1,0,Collegamenti marittimi Grimaldi
cvvbcn-2359-435900,23:59:00,23:59:00,itcvv,1,0,1,Collegamenti marittimi Grimaldi
cvvbcn-2359-435900,19:59:00,19:59:00,esbcn,2,1,0,Collegamenti marittimi Grimaldi
cvvpto-2215-293000,22:15:00,22:15:00,itcvv,1,0,1,Collegamenti marittimi Grimaldi
cvvpto-2215-293000,5:30:00,05:30:00,itpto,2,1,0,Collegamenti marittimi Grimaldi
cvvpto-2300-301500,23:00:00,23:00:00,itcvv,1,0,1,Collegamenti marittimi Grimaldi
cvvpto-2300-301500,6:15:00,06:15:00,itpto,2,1,0,Collegamenti marittimi Grimaldi
livolb-1030-183000,10:30:00,10:30:00,itolb,1,0,1,Collegamenti marittimi Grimaldi
livolb-1030-183000,18:30:00,18:30:00,itliv,2,1,0,Collegamenti marittimi Grimaldi
livolb-2130-293000,21:30:00,21:30:00,itolb,1,0,1,Collegamenti marittimi Grimaldi
livolb-2130-293000,5:30:00,05:30:00,itliv,2,1,0,Collegamenti marittimi Grimaldi
livolb-2230-303000,22:30:00,22:30:00,itolb,1,0,1,Collegamenti marittimi Grimaldi
livolb-2230-303000,6:30:00,06:30:00,itliv,2,1,0,Collegamenti marittimi Grimaldi
napcag-1900-320000,19:00:00,19:00:00,itnap,1,0,1,Collegamenti marittimi Grimaldi
napcag-1900-320000,8:00:00,08:00:00,itcag,2,1,0,Collegamenti marittimi Grimaldi
olbcvv-1230-183500,12:30:00,12:30:00,itcvv,1,0,1,Collegamenti marittimi Grimaldi
olbcvv-1230-183500,18:35:00,18:35:00,itolb,2,1,0,Collegamenti marittimi Grimaldi
olbliv-1030-193000,10:30:00,10:30:00,itliv,1,0,1,Collegamenti marittimi Grimaldi
olbliv-1030-193000,19:30:00,19:30:00,itolb,2,1,0,Collegamenti marittimi Grimaldi
olbliv-2130-303000,21:30:00,21:30:00,itliv,1,0,1,Collegamenti marittimi Grimaldi
olbliv-2130-303000,6:30:00,06:30:00,itolb,2,1,0,Collegamenti marittimi Grimaldi
olbliv-2230-313000,22:30:00,22:30:00,itliv,1,0,1,Collegamenti marittimi Grimaldi
olbliv-2230-313000,7:30:00,07:30:00,itolb,2,1,0,Collegamenti marittimi Grimaldi
pmocag-0900-220500,9:00:00,09:00:00,itpmo,1,0,1,Collegamenti marittimi Grimaldi
pmocag-0900-220500,22:05:00,22:05:00,itcag,2,1,0,Collegamenti marittimi Grimaldi
pmocag-1900-320500,19:00:00,19:00:00,itpmo,1,0,1,Collegamenti marittimi Grimaldi
pmocag-1900-320500,8:05:00,08:05:00,itcag,2,1,0,Collegamenti marittimi Grimaldi
ptobcn-0630-184500,6:30:00,06:30:00,esbcn,1,0,1,Collegamenti marittimi Grimaldi
ptobcn-0630-184500,18:45:00,18:45:00,itpto,2,1,0,Collegamenti marittimi Grimaldi
ptobcn-0715-193000,7:15:00,07:15:00,esbcn,1,0,1,Collegamenti marittimi Grimaldi
ptobcn-0715-193000,19:30:00,19:30:00,itpto,2,1,0,Collegamenti marittimi Grimaldi
ptocvv-1145-190000,11:45:00,11:45:00,itcvv,1,0,1,Collegamenti marittimi Grimaldi
ptocvv-1145-190000,19:00:00,19:00:00,itpto,2,1,0,Collegamenti marittimi Grimaldi
ptocvv-1215-193000,12:15:00,12:15:00,itcvv,1,0,1,Collegamenti marittimi Grimaldi
ptocvv-1215-193000,19:30:00,19:30:00,itpto,2,1,0,Collegamenti marittimi Grimaldi
salcag-2200-390000,22:00:00,22:00:00,itsal,1,0,1,Collegamenti marittimi Grimaldi
salcag-2200-390000,15:00:00,15:00:00,itcag,2,1,0,Collegamenti marittimi Grimaldi
vacl018_1,7:00:00,07:00:00,pereña,1,0,0,Ancebus
vacl018_1,7:05:00,07:05:00,villarino,2,0,0,Ancebus
vacl018_1,7:15:00,07:15:00,cabeza_framontanos,3,0,0,Ancebus
vacl018_1,7:20:00,07:20:00,trabanca,4,0,0,Ancebus
vacl018_1,7:30:00,07:30:00,almendra,5,0,0,Ancebus
vacl018_1,7:40:00,07:40:00,sardon,6,0,0,Ancebus
vacl018_1,7:50:00,07:50:00,monleras,7,0,0,Ancebus
vacl018_1,8:00:00,08:00:00,villaseco,8,0,0,Ancebus
vacl018_1,8:10:00,08:10:00,mazán,9,0,0,Ancebus
vacl018_1,8:20:00,08:20:00,moscosa,10,0,0,Ancebus
vacl018_1,8:30:00,08:30:00,campo_led,11,0,0,Ancebus
vacl018_1,8:40:00,08:40:00,parada_led,12,0,0,Ancebus
vacl018_1,8:50:00,08:50:00,salamanca,13,0,0,Ancebus
vacl018_2,16:15:00,16:15:00,salamanca,1,0,0,Ancebus
vacl018_2,16:25:00,16:25:00,parada_led,2,0,0,Ancebus
vacl018_2,16:35:00,16:35:00,campo_led,3,0,0,Ancebus
vacl018_2,16:45:00,16:45:00,moscosa,4,0,0,Ancebus
vacl018_2,16:55:00,16:55:00,mazán,5,0,0,Ancebus
vacl018_2,17:05:00,17:05:00,villaseco,6,0,0,Ancebus
vacl018_2,17:15:00,17:15:00,monleras,7,0,0,Ancebus
vacl018_2,17:25:00,17:25:00,sardon,8,0,0,Ancebus
vacl018_2,17:35:00,17:35:00,almendra,9,0,0,Ancebus
vacl018_2,17:45:00,17:45:00,trabanca,10,0,0,Ancebus
vacl018_2,17:55:00,17:55:00,cabeza_framontanos,11,0,0,Ancebus
vacl018_2,18:05:00,18:05:00,villarino,12,0,0,Ancebus
vacl018_2,18:15:00,18:15:00,pereña,13,0,0,Ancebus
vacl018_h1,6:35:00,06:35:00,villar_samaniego,1,0,0,Ancebus
vacl018_h1,6:40:00,06:40:00,robledo_hermoso,2,0,0,Ancebus
vacl018_h1,6:45:00,06:45:00,ahigal,3,0,0,Ancebus
vacl018_h1,6:50:00,06:50:00,brincones,4,0,0,Ancebus
vacl018_h1,6:55:00,06:55:00,iruelos,5,0,0,Ancebus
vacl018_h1,7:00:00,07:00:00,el_manzano,6,0,0,Ancebus
vacl018_h1,7:05:00,07:05:00,monleras_hijuelas,7,0,0,Ancebus
vacl018_h2,17:10:00,17:10:00,monleras_hijuelas,1,0,0,Ancebus
vacl018_h2,17:15:00,17:15:00,el_manzano,2,0,0,Ancebus
vacl018_h2,17:20:00,17:20:00,iruelos,3,0,0,Ancebus
vacl018_h2,17:25:00,17:25:00,brincones,4,0,0,Ancebus
vacl018_h2,17:30:00,17:30:00,ahigal,5,0,0,Ancebus
vacl018_h2,17:35:00,17:35:00,robledo_hermoso,6,0,0,Ancebus
vacl018_h2,17:40:00,17:40:00,villar_samaniego,7,0,0,Ancebus
vacl060_1,9:00:00,09:00:00,villar_ciervo,1,0,0,Ancebus
vacl060_1,9:05:00,09:05:00,villar_yegua,2,0,0,Ancebus
vacl060_1,9:10:00,09:10:00,serranillo,3,0,0,Ancebus
vacl060_1,9:20:00,09:20:00,castillejo,4,0,0,Ancebus
vacl060_1,9:25:00,09:25:00,saelices,5,0,0,Ancebus
vacl060_1,9:30:00,09:30:00,ciudad_rodrigo,6,0,0,Ancebus
vacl060_2,13:00:00,13:00:00,ciudad_rodrigo,1,0,0,Ancebus
vacl060_2,13:05:00,13:05:00,saelices,2,0,0,Ancebus
vacl060_2,13:10:00,13:10:00,castillejo,3,0,0,Ancebus
vacl060_2,13:20:00,13:20:00,serranillo,4,0,0,Ancebus
vacl060_2,13:25:00,13:25:00,villar_yegua,5,0,0,Ancebus
vacl060_2,13:30:00,13:30:00,villar_ciervo,6,0,0,Ancebus
